"Month","Year","averagestormflow","day","date"
1,1968,11767.0480549199,"01",1968-01-01
1,1969,16371.6829659904,"01",1969-01-01
1,1970,17599.3087557604,"01",1970-01-01
1,1971,12998.2718894009,"01",1971-01-01
1,1972,17409.3292370712,"01",1972-01-01
1,1973,12375.8064516129,"01",1973-01-01
1,1974,34259.9260247393,"01",1974-01-01
1,1975,15909.3039049236,"01",1975-01-01
1,1976,24432.2580645161,"01",1976-01-01
1,1977,1413.48148148148,"01",1977-01-01
1,1978,25347.2120858269,"01",1978-01-01
1,1979,31874.1935483871,"01",1979-01-01
1,1980,12931.0483870968,"01",1980-01-01
1,1981,2828.46774193548,"01",1981-01-01
1,1982,16537.9032258065,"01",1982-01-01
1,1983,15948.7866147571,"01",1983-01-01
1,1984,6133.12442396313,"01",1984-01-01
1,1985,11398.5630498534,"01",1985-01-01
1,1986,19648.1586021505,"01",1986-01-01
1,1987,10605.017921147,"01",1987-01-01
1,1988,16614.8387096774,"01",1988-01-01
1,1989,20366.5898617512,"01",1989-01-01
1,1990,32499.7653958944,"01",1990-01-01
1,1991,28602.158808933,"01",1991-01-01
1,1992,11313.5944700461,"01",1992-01-01
1,1993,29000.6382611696,"01",1993-01-01
1,1994,25490.3225806452,"01",1994-01-01
1,1995,28968.405722438,"01",1995-01-01
1,1996,55270.7096774194,"01",1996-01-01
1,1997,13120.9429280397,"01",1997-01-01
1,1998,33115.7502938488,"01",1998-01-01
1,1999,29436.4823348694,"01",1999-01-01
1,2000,11811.0080645161,"01",2000-01-01
1,2001,5977.80058651026,"01",2001-01-01
1,2002,11212.0967741935,"01",2002-01-01
1,2003,18558.1833616299,"01",2003-01-01
1,2004,22581.2365591398,"01",2004-01-01
1,2005,72192.4098671727,"01",2005-01-01
1,2006,30079.2869269949,"01",2006-01-01
1,2007,45368.7076654819,"01",2007-01-01
1,2008,20404.0582726327,"01",2008-01-01
1,2009,15323.9417989418,"01",2009-01-01
1,2010,36687.3942253449,"01",2010-01-01
1,2011,11460.8858166923,"01",2011-01-01
1,2012,35255.440654422,"01",2012-01-01
1,2013,28538.4554266645,"01",2013-01-01
1,2014,19645.6011730205,"01",2014-01-01
1,2015,8011.95445920304,"01",2015-01-01
1,2016,13005.8064516129,"01",2016-01-01
1,2017,26058.1989247312,"01",2017-01-01
1,2018,40802.7649769585,"01",2018-01-01
1,2019,26782.6612903226,"01",2019-01-01
1,2020,20767.5434243176,"01",2020-01-01
1,2021,23059.1173835125,"01",2021-01-01
2,1968,27298.5171050838,"01",1968-02-01
2,1969,19272.2723704867,"01",1969-02-01
2,1970,25632.9081632653,"01",1970-02-01
2,1971,35867.2917815775,"01",1971-02-01
2,1972,13589.1379310345,"01",1972-02-01
2,1973,22211.5683229814,"01",1973-02-01
2,1974,5495.02551020408,"01",1974-02-01
2,1975,31821.365914787,"01",1975-02-01
2,1976,39029.0854572714,"01",1976-02-01
2,1977,17706.7486085343,"01",1977-02-01
2,1978,8886.68831168831,"01",1978-02-01
2,1979,28908.5714285714,"01",1979-02-01
2,1980,11253.1593406593,"01",1980-02-01
2,1981,56230.1393728223,"01",1981-02-01
2,1982,29554.4642857143,"01",1982-02-01
2,1983,16874.1337719298,"01",1983-02-01
2,1984,36568.5577211394,"01",1984-02-01
2,1985,22657.6127819549,"01",1985-02-01
2,1986,51568.9285714286,"01",1986-02-01
2,1987,11149.3705528188,"01",1987-02-01
2,1988,31420.6896551724,"01",1988-02-01
2,1989,37777.6315789474,"01",1989-02-01
2,1990,18078.9408866995,"01",1990-02-01
2,1991,21926.1904761905,"01",1991-02-01
2,1992,19067.4876847291,"01",1992-02-01
2,1993,6852.19887955182,"01",1993-02-01
2,1994,26525.5102040816,"01",1994-02-01
2,1995,6436.52158652159,"01",1995-02-01
2,1996,35067.8620689655,"01",1996-02-01
2,1997,14389.4505494506,"01",1997-02-01
2,1998,12912.8105590062,"01",1998-02-01
2,1999,5871.58163265306,"01",1999-02-01
2,2000,19475.6947261663,"01",2000-02-01
2,2001,30957.1119356834,"01",2001-02-01
2,2002,11672.5595238095,"01",2002-02-01
2,2003,16206.402034498,"01",2003-02-01
2,2004,23782.7586206897,"01",2004-02-01
2,2005,27279.7118847539,"01",2005-02-01
2,2006,9627.85714285714,"01",2006-02-01
2,2007,7389.86486486487,"01",2007-02-01
2,2008,46488.765294772,"01",2008-02-01
2,2009,34346.4285714286,"01",2009-02-01
2,2010,13114.2634392634,"01",2010-02-01
2,2011,30992.9236912156,"01",2011-02-01
2,2012,12661.2180922526,"01",2012-02-01
2,2013,33340.3325123153,"01",2013-02-01
2,2014,30246.0714285714,"01",2014-02-01
2,2015,8584.46428571429,"01",2015-02-01
2,2016,41312.9310344828,"01",2016-02-01
2,2017,23016.1904761905,"01",2017-02-01
2,2018,31010.8673469388,"01",2018-02-01
2,2019,36331.2237394958,"01",2019-02-01
2,2020,36562.4137931034,"01",2020-02-01
2,2021,10582.3870798319,"01",2021-02-01
3,1968,21024.5465406756,"01",1968-03-01
3,1969,5458.44470046083,"01",1969-03-01
3,1970,16446.7741935484,"01",1970-03-01
3,1971,19403.7364553494,"01",1971-03-01
3,1972,42468.2404692082,"01",1972-03-01
3,1973,24758.1346423562,"01",1973-03-01
3,1974,17617.2043010753,"01",1974-03-01
3,1975,28173.740803622,"01",1975-03-01
3,1976,6176.51408899656,"01",1976-03-01
3,1977,20248.3870967742,"01",1977-03-01
3,1978,18135.9440559441,"01",1978-03-01
3,1979,56456.0215053763,"01",1979-03-01
3,1980,19222.8571428571,"01",1980-03-01
3,1981,27625.7484781979,"01",1981-03-01
3,1982,32067.7419354839,"01",1982-03-01
3,1983,17048.896434635,"01",1983-03-01
3,1984,16875.175315568,"01",1984-03-01
3,1985,28315.7481760198,"01",1985-03-01
3,1986,34302.6762246117,"01",1986-03-01
3,1987,20769.744160178,"01",1987-03-01
3,1988,17875.4838709677,"01",1988-03-01
3,1989,25391.9296294128,"01",1989-03-01
3,1990,8274.86095661846,"01",1990-03-01
3,1991,27376.9892473118,"01",1991-03-01
3,1992,16995.0664136622,"01",1992-03-01
3,1993,42893.0875576037,"01",1993-03-01
3,1994,36685.5606758833,"01",1994-03-01
3,1995,10254.0532048597,"01",1995-03-01
3,1996,33683.8709677419,"01",1996-03-01
3,1997,30515.2970369289,"01",1997-03-01
3,1998,21911.5474520804,"01",1998-03-01
3,1999,22081.1059907834,"01",1999-03-01
3,2000,13276.4705882353,"01",2000-03-01
3,2001,17632.1812596006,"01",2001-03-01
3,2002,25628.5856079404,"01",2002-03-01
3,2003,21657.3149905123,"01",2003-03-01
3,2004,34268.0265654649,"01",2004-03-01
3,2005,28092.0439143399,"01",2005-03-01
3,2006,14620.6451612903,"01",2006-03-01
3,2007,57466.7338709677,"01",2007-03-01
3,2008,29251.6129032258,"01",2008-03-01
3,2009,20005.3056027165,"01",2009-03-01
3,2010,49255.0607287449,"01",2010-03-01
3,2011,94653.8569424965,"01",2011-03-01
3,2012,26446.3133640553,"01",2012-03-01
3,2013,12995.1612903226,"01",2013-03-01
3,2014,21827.5115207373,"01",2014-03-01
3,2015,60387.3487903226,"01",2015-03-01
3,2016,14914.5894428152,"01",2016-03-01
3,2017,19587.5576036866,"01",2017-03-01
3,2018,16120.9677419355,"01",2018-03-01
3,2019,12886.7511520737,"01",2019-03-01
3,2020,32135.3225806452,"01",2020-03-01
3,2021,25470.0731905665,"01",2021-03-01
4,1968,6007.39393939394,"01",1968-04-01
4,1969,18621.0833333333,"01",1969-04-01
4,1970,39867.5438596491,"01",1970-04-01
4,1971,3850.48148148148,"01",1971-04-01
4,1972,41332.8787878788,"01",1972-04-01
4,1973,26342.6666666667,"01",1973-04-01
4,1974,26130.2222222222,"01",1974-04-01
4,1975,18023.7719298246,"01",1975-04-01
4,1976,8177.09275362319,"01",1976-04-01
4,1977,19037.3333333333,"01",1977-04-01
4,1978,10967.2398190045,"01",1978-04-01
4,1979,16864.7777777778,"01",1979-04-01
4,1980,25602.4338624339,"01",1980-04-01
4,1981,24563.0409356725,"01",1981-04-01
4,1982,9758,"01",1982-04-01
4,1983,23741.9210526316,"01",1983-04-01
4,1984,18129.8074389379,"01",1984-04-01
4,1985,28763.2432432432,"01",1985-04-01
4,1986,19608.1311196254,"01",1986-04-01
4,1987,49791.1111111111,"01",1987-04-01
4,1988,10238,"01",1988-04-01
4,1989,27973.4646962233,"01",1989-04-01
4,1990,16686.6666666667,"01",1990-04-01
4,1991,13547.8787878788,"01",1991-04-01
4,1992,19031.7647058824,"01",1992-04-01
4,1993,34315.8602150538,"01",1993-04-01
4,1994,27845.1587301587,"01",1994-04-01
4,1995,9986.60714285714,"01",1995-04-01
4,1996,11451.7816091954,"01",1996-04-01
4,1997,5752.5128998968,"01",1997-04-01
4,1998,17056.1111111111,"01",1998-04-01
4,1999,17354.4444444444,"01",1999-04-01
4,2000,27853.3333333333,"01",2000-04-01
4,2001,28415.4761904762,"01",2001-04-01
4,2002,25028.1282051282,"01",2002-04-01
4,2003,19804.5,"01",2003-04-01
4,2004,28450,"01",2004-04-01
4,2005,34289.7450980392,"01",2005-04-01
4,2006,21537.2222222222,"01",2006-04-01
4,2007,23692.7083333333,"01",2007-04-01
4,2008,9049.31419457735,"01",2008-04-01
4,2009,11350.350877193,"01",2009-04-01
4,2010,6587.71929824561,"01",2010-04-01
4,2011,28698.303030303,"01",2011-04-01
4,2012,5493.93386243386,"01",2012-04-01
4,2013,20957.4074074074,"01",2013-04-01
4,2014,27446.3919413919,"01",2014-04-01
4,2015,41601.7395833333,"01",2015-04-01
4,2016,9431.04329004329,"01",2016-04-01
4,2017,28722.8571428571,"01",2017-04-01
4,2018,55579.7058823529,"01",2018-04-01
4,2019,23987.0995670996,"01",2019-04-01
4,2020,23261.8333333333,"01",2020-04-01
4,2021,7212.03296703297,"01",2021-04-01
5,1968,39645.7809847199,"01",1968-05-01
5,1969,10042.5,"01",1969-05-01
5,1970,9634.53310696095,"01",1970-05-01
5,1971,20803.9426523297,"01",1971-05-01
5,1972,10757.6036866359,"01",1972-05-01
5,1973,17149.6774193548,"01",1973-05-01
5,1974,16132.9032258065,"01",1974-05-01
5,1975,15972.5806451613,"01",1975-05-01
5,1976,8399.74193548387,"01",1976-05-01
5,1977,5780.84677419355,"01",1977-05-01
5,1978,37933.0170777989,"01",1978-05-01
5,1979,14976.6568914956,"01",1979-05-01
5,1980,18537.7880184332,"01",1980-05-01
5,1981,20305.376344086,"01",1981-05-01
5,1982,5595.59599792996,"01",1982-05-01
5,1983,37867.2580645161,"01",1983-05-01
5,1984,14601.4689826303,"01",1984-05-01
5,1985,9040.13282732448,"01",1985-05-01
5,1986,6251.64849833148,"01",1986-05-01
5,1987,7780.23402909551,"01",1987-05-01
5,1988,19991.2655086849,"01",1988-05-01
5,1989,43108.5714285714,"01",1989-05-01
5,1990,23727.4193548387,"01",1990-05-01
5,1991,1465.55399719495,"01",1991-05-01
5,1992,5903.79032258064,"01",1992-05-01
5,1993,4189.75357109072,"01",1993-05-01
5,1994,16168.3870967742,"01",1994-05-01
5,1995,19236.8035190616,"01",1995-05-01
5,1996,51383.7597330367,"01",1996-05-01
5,1997,15576.3157894737,"01",1997-05-01
5,1998,9234.36559139785,"01",1998-05-01
5,1999,7354.37992831541,"01",1999-05-01
5,2000,13489.3039049236,"01",2000-05-01
5,2001,7178.23041474654,"01",2001-05-01
5,2002,34792.9749103943,"01",2002-05-01
5,2003,16233.9558573854,"01",2003-05-01
5,2004,34088.2414151925,"01",2004-05-01
5,2005,10839.8597475456,"01",2005-05-01
5,2006,11671.7204301075,"01",2006-05-01
5,2007,4884.7311827957,"01",2007-05-01
5,2008,25898.4080435693,"01",2008-05-01
5,2009,23380.3519061584,"01",2009-05-01
5,2010,16845.8064516129,"01",2010-05-01
5,2011,18621.7302052786,"01",2011-05-01
5,2012,23494.2316308244,"01",2012-05-01
5,2013,7097.91838985387,"01",2013-05-01
5,2014,35347.3405976912,"01",2014-05-01
5,2015,3864.03225806452,"01",2015-05-01
5,2016,13131.33640553,"01",2016-05-01
5,2017,29721.8637992832,"01",2017-05-01
5,2018,28558.3491461101,"01",2018-05-01
5,2019,20808.357771261,"01",2019-05-01
5,2020,18357.4817898023,"01",2020-05-01
5,2021,29541.958041958,"01",2021-05-01
6,1968,11669.0263157895,"01",1968-06-01
6,1969,996.575757575758,"01",1969-06-01
6,1970,7015.52631578947,"01",1970-06-01
6,1971,5066.55555555556,"01",1971-06-01
6,1972,58187.3511904762,"01",1972-06-01
6,1973,5598.41975308642,"01",1973-06-01
6,1974,17951.0980392157,"01",1974-06-01
6,1975,17999.4444444444,"01",1975-06-01
6,1976,5588.65217391304,"01",1976-06-01
6,1977,1888.40909090909,"01",1977-06-01
6,1978,6749.44444444444,"01",1978-06-01
6,1979,5717.06060606061,"01",1979-06-01
6,1980,15892.516025641,"01",1980-06-01
6,1981,28051.6666666667,"01",1981-06-01
6,1982,14044.0569561158,"01",1982-06-01
6,1983,12576.6666666667,"01",1983-06-01
6,1984,17794.7851851852,"01",1984-06-01
6,1985,7692.86274509804,"01",1985-06-01
6,1986,22093.7888888889,"01",1986-06-01
6,1987,5018.3137254902,"01",1987-06-01
6,1988,834.551282051282,"01",1988-06-01
6,1989,33129,"01",1989-06-01
6,1990,8499.91228070175,"01",1990-06-01
6,1991,1665.33333333333,"01",1991-06-01
6,1992,2019.49242424242,"01",1992-06-01
6,1993,7136.0946969697,"01",1993-06-01
6,1994,10499.75,"01",1994-06-01
6,1995,5673.85858585859,"01",1995-06-01
6,1996,13552.9047619048,"01",1996-06-01
6,1997,6560.03174603175,"01",1997-06-01
6,1998,16619.8518518519,"01",1998-06-01
6,1999,1274.36060606061,"01",1999-06-01
6,2000,12341.1637426901,"01",2000-06-01
6,2001,8418.68421052631,"01",2001-06-01
6,2002,14726.531986532,"01",2002-06-01
6,2003,18651.6666666667,"01",2003-06-01
6,2004,20649.6505376344,"01",2004-06-01
6,2005,1707.00207039337,"01",2005-06-01
6,2006,13057.3043478261,"01",2006-06-01
6,2007,3021.11111111111,"01",2007-06-01
6,2008,10855.3439153439,"01",2008-06-01
6,2009,12481.9696969697,"01",2009-06-01
6,2010,8331.33333333333,"01",2010-06-01
6,2011,3665.9696969697,"01",2011-06-01
6,2012,2436.47916666667,"01",2012-06-01
6,2013,19546.4102564103,"01",2013-06-01
6,2014,16748.2608695652,"01",2014-06-01
6,2015,24038.5454545455,"01",2015-06-01
6,2016,7065.77272727273,"01",2016-06-01
6,2017,17790.5026455026,"01",2017-06-01
6,2018,17957.4358974359,"01",2018-06-01
6,2019,31112.6475279107,"01",2019-06-01
6,2020,3299.1311827957,"01",2020-06-01
6,2021,8063.56277056277,"01",2021-06-01
7,1968,1754.67741935484,"01",1968-07-01
7,1969,8580.79765395894,"01",1969-07-01
7,1970,5376.53367289191,"01",1970-07-01
7,1971,2230.47255234861,"01",1971-07-01
7,1972,41438.2315668203,"01",1972-07-01
7,1973,1899.26909832033,"01",1973-07-01
7,1974,6954.10557184751,"01",1974-07-01
7,1975,1361.34408602151,"01",1975-07-01
7,1976,5873.88499298738,"01",1976-07-01
7,1977,15994.2815249267,"01",1977-07-01
7,1978,8388.44086021505,"01",1978-07-01
7,1979,4675.11520737327,"01",1979-07-01
7,1980,9292.90322580645,"01",1980-07-01
7,1981,5170.24577572965,"01",1981-07-01
7,1982,10623.1643625192,"01",1982-07-01
7,1983,6156.55529953917,"01",1983-07-01
7,1984,13883.9605734767,"01",1984-07-01
7,1985,12070.9139784946,"01",1985-07-01
7,1986,16796.3172043011,"01",1986-07-01
7,1987,14244.5321962675,"01",1987-07-01
7,1988,2388.28784119107,"01",1988-07-01
7,1989,7125.82035595106,"01",1989-07-01
7,1990,24804.4922341697,"01",1990-07-01
7,1991,2155.92375366569,"01",1991-07-01
7,1992,9713.56708742403,"01",1992-07-01
7,1993,2304.41820276498,"01",1993-07-01
7,1994,4129.20821114369,"01",1994-07-01
7,1995,3065.13978494624,"01",1995-07-01
7,1996,20209.2691179788,"01",1996-07-01
7,1997,2652.50384024578,"01",1997-07-01
7,1998,5377.04404466501,"01",1998-07-01
7,1999,1766.04273146209,"01",1999-07-01
7,2000,4574.47171575503,"01",2000-07-01
7,2001,7243.54838709677,"01",2001-07-01
7,2002,3540.01955034213,"01",2002-07-01
7,2003,21985.788530466,"01",2003-07-01
7,2004,10248.1556802244,"01",2004-07-01
7,2005,2975.32803490728,"01",2005-07-01
7,2006,13944.3197755961,"01",2006-07-01
7,2007,3529.75953079179,"01",2007-07-01
7,2008,11615.5706939157,"01",2008-07-01
7,2009,3172.83504398827,"01",2009-07-01
7,2010,2898.12107247591,"01",2010-07-01
7,2011,2663.29032258065,"01",2011-07-01
7,2012,5755.46082949309,"01",2012-07-01
7,2013,15507.8209993675,"01",2013-07-01
7,2014,6546.08294930876,"01",2014-07-01
7,2015,15516.4076246334,"01",2015-07-01
7,2016,4724.62086300796,"01",2016-07-01
7,2017,18557.1952241307,"01",2017-07-01
7,2018,6299.12655086849,"01",2018-07-01
7,2019,12984.5500848896,"01",2019-07-01
7,2020,2278.96774193548,"01",2020-07-01
7,2021,16125.3456221198,"01",2021-07-01
8,1968,1774.67741935484,"01",1968-08-01
8,1969,6714.93548387097,"01",1969-08-01
8,1970,4328.35125448029,"01",1970-08-01
8,1971,6394.66723259762,"01",1971-08-01
8,1972,2175.17724211273,"01",1972-08-01
8,1973,4758.49836122132,"01",1973-08-01
8,1974,2681.72043010753,"01",1974-08-01
8,1975,5046.08780014552,"01",1975-08-01
8,1976,3950.32258064516,"01",1976-08-01
8,1977,13717.6307007786,"01",1977-08-01
8,1978,5762.92803970223,"01",1978-08-01
8,1979,6390.87941628264,"01",1979-08-01
8,1980,18478.920056101,"01",1980-08-01
8,1981,3721.22887864823,"01",1981-08-01
8,1982,3074.15770609319,"01",1982-08-01
8,1983,3094.12442396313,"01",1983-08-01
8,1984,19585.9677419355,"01",1984-08-01
8,1985,1920.29441884281,"01",1985-08-01
8,1986,2932.82258064516,"01",1986-08-01
8,1987,4637.83154121864,"01",1987-08-01
8,1988,1032.48387096774,"01",1988-08-01
8,1989,5885.33733133433,"01",1989-08-01
8,1990,3218.21385902031,"01",1990-08-01
8,1991,1232.47311827957,"01",1991-08-01
8,1992,10280.6264609631,"01",1992-08-01
8,1993,2170.78341013825,"01",1993-08-01
8,1994,26707.7419354839,"01",1994-08-01
8,1995,3895.45161290323,"01",1995-08-01
8,1996,10505.7681028649,"01",1996-08-01
8,1997,6070.76203833567,"01",1997-08-01
8,1998,3374.57661290323,"01",1998-08-01
8,1999,1522.99539170507,"01",1999-08-01
8,2000,11851.1376032414,"01",2000-08-01
8,2001,3664.47368421053,"01",2001-08-01
8,2002,2005.52419354839,"01",2002-08-01
8,2003,10849.2517921147,"01",2003-08-01
8,2004,13305.9841047218,"01",2004-08-01
8,2005,2399.78703772053,"01",2005-08-01
8,2006,5948.46639335419,"01",2006-08-01
8,2007,14143.4017595308,"01",2007-08-01
8,2008,3499.4476211026,"01",2008-08-01
8,2009,10850.5739421868,"01",2009-08-01
8,2010,2270.02143018272,"01",2010-08-01
8,2011,3375.95161290323,"01",2011-08-01
8,2012,3394.70046082949,"01",2012-08-01
8,2013,14344.6679316888,"01",2013-08-01
8,2014,9909.32923707117,"01",2014-08-01
8,2015,1025.8064516129,"01",2015-08-01
8,2016,4873.88353581902,"01",2016-08-01
8,2017,6139.9706744868,"01",2017-08-01
8,2018,6550.54377880184,"01",2018-08-01
8,2019,2168.81154499151,"01",2019-08-01
8,2020,4117.27047146402,"01",2020-08-01
8,2021,6903.07603686636,"01",2021-08-01
9,1968,1523,"01",1968-09-01
9,1969,1579.58333333333,"01",1969-09-01
9,1970,4634.09259259259,"01",1970-09-01
9,1971,15730.7749373434,"01",1971-09-01
9,1972,3568.71367521368,"01",1972-09-01
9,1973,1722.94949494949,"01",1973-09-01
9,1974,10313.7638888889,"01",1974-09-01
9,1975,17003.0831708902,"01",1975-09-01
9,1976,1485.98484848485,"01",1976-09-01
9,1977,5188.55012771392,"01",1977-09-01
9,1978,5034.3986013986,"01",1978-09-01
9,1979,8064.86559139785,"01",1979-09-01
9,1980,3125.46666666667,"01",1980-09-01
9,1981,9387.41666666667,"01",1981-09-01
9,1982,3665.17647058824,"01",1982-09-01
9,1983,1406.5,"01",1983-09-01
9,1984,2616.04248366013,"01",1984-09-01
9,1985,1948.91125541126,"01",1985-09-01
9,1986,3679.42105263158,"01",1986-09-01
9,1987,16098.2412280702,"01",1987-09-01
9,1988,3464.53529411765,"01",1988-09-01
9,1989,5970.23188405797,"01",1989-09-01
9,1990,9284,"01",1990-09-01
9,1991,1499.54444444444,"01",1991-09-01
9,1992,12969.7971014493,"01",1992-09-01
9,1993,5395.77777777778,"01",1993-09-01
9,1994,6510.78181818182,"01",1994-09-01
9,1995,1000.33333333333,"01",1995-09-01
9,1996,22090.6338461538,"01",1996-09-01
9,1997,2560.47101449275,"01",1997-09-01
9,1998,1366,"01",1998-09-01
9,1999,1065.45221445221,"01",1999-09-01
9,2000,5210.60016835017,"01",2000-09-01
9,2001,2104.87719298246,"01",2001-09-01
9,2002,2232.04166666667,"01",2002-09-01
9,2003,20501.6117216117,"01",2003-09-01
9,2004,59586.1507936508,"01",2004-09-01
9,2005,3965.11136536995,"01",2005-09-01
9,2006,10692.0726495727,"01",2006-09-01
9,2007,2780.83333333333,"01",2007-09-01
9,2008,2475.84615384615,"01",2008-09-01
9,2009,1647.77289377289,"01",2009-09-01
9,2010,1928.67571644042,"01",2010-09-01
9,2011,9930.23333333333,"01",2011-09-01
9,2012,3879.06896551724,"01",2012-09-01
9,2013,4506.8,"01",2013-09-01
9,2014,2988.40740740741,"01",2014-09-01
9,2015,2046.05128205128,"01",2015-09-01
9,2016,2905.77272727273,"01",2016-09-01
9,2017,1751.7,"01",2017-09-01
9,2018,44654.4118360417,"01",2018-09-01
9,2019,2965,"01",2019-09-01
9,2020,4326.15384615385,"01",2020-09-01
9,2021,11699.1388888889,"01",2021-09-01
10,1968,1949.75562072336,"01",1968-10-01
10,1969,1695.37634408602,"01",1969-10-01
10,1970,9792.72913466462,"01",1970-10-01
10,1971,2075.00256016385,"01",1971-10-01
10,1972,5618.88440860215,"01",1972-10-01
10,1973,5500.9649122807,"01",1973-10-01
10,1974,2300.4435483871,"01",1974-10-01
10,1975,13770.1911589008,"01",1975-10-01
10,1976,19484.8216501241,"01",1976-10-01
10,1977,5783.54838709677,"01",1977-10-01
10,1978,5389.27535113443,"01",1978-10-01
10,1979,28963.8397502601,"01",1979-10-01
10,1980,4707.7229601518,"01",1980-10-01
10,1981,12009.5825426945,"01",1981-10-01
10,1982,2201.42746248059,"01",1982-10-01
10,1983,2858.70967741935,"01",1983-10-01
10,1984,5116.60522273426,"01",1984-10-01
10,1985,3327.22873900293,"01",1985-10-01
10,1986,19701.8736357022,"01",1986-10-01
10,1987,3519.08064516129,"01",1987-10-01
10,1988,4389.19726095207,"01",1988-10-01
10,1989,10868.66359447,"01",1989-10-01
10,1990,11392.1146953405,"01",1990-10-01
10,1991,1155.54838709677,"01",1991-10-01
10,1992,5895.96774193548,"01",1992-10-01
10,1993,5506.53225806452,"01",1993-10-01
10,1994,5036.1935483871,"01",1994-10-01
10,1995,2022.09677419355,"01",1995-10-01
10,1996,23763.3064516129,"01",1996-10-01
10,1997,4101.64696453616,"01",1997-10-01
10,1998,1546.58602150538,"01",1998-10-01
10,1999,2757.44416873449,"01",1999-10-01
10,2000,4335.0146627566,"01",2000-10-01
10,2001,1620.29325513196,"01",2001-10-01
10,2002,3378.14516129032,"01",2002-10-01
10,2003,9162.21198156682,"01",2003-10-01
10,2004,5322.02764976958,"01",2004-10-01
10,2005,6512.01729780271,"01",2005-10-01
10,2006,18555.2522746071,"01",2006-10-01
10,2007,3012.90322580645,"01",2007-10-01
10,2008,1498.93738140417,"01",2008-10-01
10,2009,6618.77584780811,"01",2009-10-01
10,2010,4362.15456270485,"01",2010-10-01
10,2011,15797.8494623656,"01",2011-10-01
10,2012,8689.17459728917,"01",2012-10-01
10,2013,2014.70967741935,"01",2013-10-01
10,2014,5540.64516129032,"01",2014-10-01
10,2015,6404.43305642464,"01",2015-10-01
10,2016,14671.2903225806,"01",2016-10-01
10,2017,4233.40501792115,"01",2017-10-01
10,2018,20334.1689527954,"01",2018-10-01
10,2019,5298.44376634699,"01",2019-10-01
10,2020,2889.99402628435,"01",2020-10-01
10,2021,8940.2688172043,"01",2021-10-01
11,1968,8633.42160737813,"01",1968-11-01
11,1969,5965.81944444444,"01",1969-11-01
11,1970,13836.3736263736,"01",1970-11-01
11,1971,4324.66190476191,"01",1971-11-01
11,1972,14600.1041666667,"01",1972-11-01
11,1973,15553.6315789474,"01",1973-11-01
11,1974,11349.6153846154,"01",1974-11-01
11,1975,9333.33333333333,"01",1975-11-01
11,1976,10121.7410714286,"01",1976-11-01
11,1977,6994.71153846154,"01",1977-11-01
11,1978,4611.57456140351,"01",1978-11-01
11,1979,11687.7777777778,"01",1979-11-01
11,1980,8233.07843137255,"01",1980-11-01
11,1981,6288.1862745098,"01",1981-11-01
11,1982,8075.05244755245,"01",1982-11-01
11,1983,8965.22580645161,"01",1983-11-01
11,1984,23185.7936507937,"01",1984-11-01
11,1985,48727.5,"01",1985-11-01
11,1986,22489.5752895753,"01",1986-11-01
11,1987,3535.65833333333,"01",1987-11-01
11,1988,16812.9275362319,"01",1988-11-01
11,1989,13915.7142857143,"01",1989-11-01
11,1990,6593.14814814815,"01",1990-11-01
11,1991,2989,"01",1991-11-01
11,1992,14153.3333333333,"01",1992-11-01
11,1993,20193.0555555556,"01",1993-11-01
11,1994,12455,"01",1994-11-01
11,1995,8509.55555555555,"01",1995-11-01
11,1996,28171.25,"01",1996-11-01
11,1997,19460.373015873,"01",1997-11-01
11,1998,1214.61111111111,"01",1998-11-01
11,1999,11239.6923076923,"01",1999-11-01
11,2000,3234.14393939394,"01",2000-11-01
11,2001,2190.36363636364,"01",2001-11-01
11,2002,7639.33333333333,"01",2002-11-01
11,2003,28380.9523809524,"01",2003-11-01
11,2004,7323.87844611529,"01",2004-11-01
11,2005,14948.7407407407,"01",2005-11-01
11,2006,25067.7777777778,"01",2006-11-01
11,2007,6386.25925925926,"01",2007-11-01
11,2008,2882.78057889823,"01",2008-11-01
11,2009,6400.12820512821,"01",2009-11-01
11,2010,10615.4757575758,"01",2010-11-01
11,2011,23593.6507936508,"01",2011-11-01
11,2012,24489.7283950617,"01",2012-11-01
11,2013,8441.66666666667,"01",2013-11-01
11,2014,4680,"01",2014-11-01
11,2015,8266.44565217391,"01",2015-11-01
11,2016,7027.59523809524,"01",2016-11-01
11,2017,29533.4845679012,"01",2017-11-01
11,2018,14268.1977671451,"01",2018-11-01
11,2019,14401.4414414414,"01",2019-11-01
11,2020,7089.88888888889,"01",2020-11-01
11,2021,10844.3333333333,"01",2021-11-01
12,1968,17026.679316888,"01",1968-12-01
12,1969,20920.497311828,"01",1969-12-01
12,1970,16673.593879239,"01",1970-12-01
12,1971,27142.3963133641,"01",1971-12-01
12,1972,27074.7053349876,"01",1972-12-01
12,1973,23655.857385399,"01",1973-12-01
12,1974,20363.2754342432,"01",1974-12-01
12,1975,17580.6451612903,"01",1975-12-01
12,1976,14028.4263526199,"01",1976-12-01
12,1977,35307.6923076923,"01",1977-12-01
12,1978,27999.5967741935,"01",1978-12-01
12,1979,14926.3440860215,"01",1979-12-01
12,1980,11705.5107526882,"01",1980-12-01
12,1981,14748.3870967742,"01",1981-12-01
12,1982,16069.9154806385,"01",1982-12-01
12,1983,27849.8736435261,"01",1983-12-01
12,1984,21171.1143695015,"01",1984-12-01
12,1985,14889.314516129,"01",1985-12-01
12,1986,26691.1944202267,"01",1986-12-01
12,1987,18519.2396313364,"01",1987-12-01
12,1988,12631.3782991202,"01",1988-12-01
12,1989,3894.25984954737,"01",1989-12-01
12,1990,39613.2258064516,"01",1990-12-01
12,1991,18387.5576036866,"01",1991-12-01
12,1992,20152.4225423945,"01",1992-12-01
12,1993,23033.3333333333,"01",1993-12-01
12,1994,26287.6099706745,"01",1994-12-01
12,1995,13466.1290322581,"01",1995-12-01
12,1996,24620.7506203474,"01",1996-12-01
12,1997,10216.2944582299,"01",1997-12-01
12,1998,4150.20430107527,"01",1998-12-01
12,1999,13712.5558312655,"01",1999-12-01
12,2000,18101.2096774194,"01",2000-12-01
12,2001,16115.4838709677,"01",2001-12-01
12,2002,19314.6129032258,"01",2002-12-01
12,2003,20988.2098546615,"01",2003-12-01
12,2004,18102.1222410866,"01",2004-12-01
12,2005,27141.2186379928,"01",2005-12-01
12,2006,7251.41439205955,"01",2006-12-01
12,2007,32748.5663082437,"01",2007-12-01
12,2008,44881.2425328554,"01",2008-12-01
12,2009,24758.0353233105,"01",2009-12-01
12,2010,39768.3202997719,"01",2010-12-01
12,2011,22597.4290565123,"01",2011-12-01
12,2012,28358.3717357911,"01",2012-12-01
12,2013,35651.6129032258,"01",2013-12-01
12,2014,16371.9165085389,"01",2014-12-01
12,2015,23615.3629032258,"01",2015-12-01
12,2016,20058.698156682,"01",2016-12-01
12,2017,10260.0806451613,"01",2017-12-01
12,2018,24360.1018675722,"01",2018-12-01
12,2019,29477.2952853598,"01",2019-12-01
12,2020,20758.2795698925,"01",2020-12-01
12,2021,6470.83333333333,"01",2021-12-01
